AgronomyAgriculture,635901,AgronomyAgriculture
DairyAnimalScience,553411,DairyAnimalScience
Fisheries,353487,Fisheries
FoodScience,973360,FoodScience
Forestry,273933,Forestry
Horticulture,618272,Horticulture
VeterinarySciences,503975,VeterinarySciences
Ecology,134803,Ecology
Entomology,925535,Entomology
EvolutionaryBiology,860699,EvolutionaryBiology
MarineBiologyHydrobiology,848989,MarineBiologyHydrobiology
Ornithology,444882,Ornithology
PlantBiologyBotany,638149,PlantBiologyBotany
Zoology,837209,Zoology
CommunicationMediaStudies,983018,CommunicationMediaStudies
LanguagesLinguistics,481114,LanguagesLinguistics
LiteraryStudies,868693,LiteraryStudies
AerospaceAeronautics,115520,AerospaceAeronautics
AutomobileDesignEngineering,645774,AutomobileDesignEngineering
BiomedicalEngineering,555364,BiomedicalEngineering
ChemicalEngineering,325857,ChemicalEngineering
CivilEngineering,393997,CivilEngineering
ElectricalElectronicEngineering,621737,ElectricalElectronicEngineering
EnvironmentalEngineering,624978,EnvironmentalEngineering
GeologicalGeomaticsEngineering,598075,GeologicalGeomaticsEngineering
IndustrialEngineeringAutomation,618877,IndustrialEngineeringAutomation
MechanicalEngineeringTransports,762667,MechanicalEngineeringTransports
MiningMetallurgy,639031,MiningMetallurgy
OperationsResearch,466643,OperationsResearch
Anthropology,567695,Anthropology
Archaeology,296945,Archaeology
Classics,305203,Classics
History,624412,History
HistoryofScienceTechnologyMedicine,293207,HistoryofScienceTechnologyMedicine
HistoryofSocialSciences,154710,HistoryofSocialSciences
AppliedMathematics,156079,AppliedMathematics
GeneralMathematics,553197,GeneralMathematics
NumericalComputationalMathematics,243467,NumericalComputationalMathematics
StatisticsProbability,251502,StatisticsProbability
Criminology,996969,Criminology
CulturalStudies,126794,CulturalStudies
Demography,800024,Demography
Education,320296,Education
FamilyStudies,679416,FamilyStudies
GenderStudies,332224,GenderStudies
Geography,314239,Geography
InformationLibrarySciences,549406,InformationLibrarySciences
InternationalRelations,859404,InternationalRelations
Law,631281,Law
PoliticalSciencePublicAdministration,837283,PoliticalSciencePublicAdministration
ScienceStudies,827659,ScienceStudies
SocialSciencesMethods,303001,SocialSciencesMethods
SocialWork,208058,SocialWork
Sociology,854377,Sociology
Allergy,zj1234,Allergy
AnalyticalChemistry,zj5678,AnalyticalChemistry
AnatomyMorphology,zj9101,AnatomyMorphology
Anesthesiology,zj2345,Anesthesiology
ArthritisRheumatology,zj6789,ArthritisRheumatology
ArtificialIntelligenceImageProcessing,zj0123,ArtificialIntelligenceImageProcessing
ArtPracticeHistoryTheory,zj4567,ArtPracticeHistoryTheory
Architecture,zj8901,Architecture
BehavioralScienceComparativePsychology,zj3456,BehavioralScienceComparativePsychology
BiochemistryMolecularBiology,zj7890,BiochemistryMolecularBiology
Biophysics,zj1235,Biophysics
BuildingConstruction,zj6780,BuildingConstruction
CardiovascularSystemHematology,zj9102,CardiovascularSystemHematology
ClinicalPsychology,zj2346,ClinicalPsychology
ComplementaryAlternativeMedicine,zj7891,ComplementaryAlternativeMedicine
ComputationTheoryMathematics,zj0124,ComputationTheoryMathematics
ComputerHardwareArchitecture,zj4568,ComputerHardwareArchitecture
Dentistry,zj8902,Dentistry
DermatologyVenerealDiseases,zj3457,DermatologyVenerealDiseases
DesignPracticeManagement,zj7892,DesignPracticeManagement
DevelopmentalBiology,zj1236,DevelopmentalBiology
DevelopmentalChildPsychology,zj6781,DevelopmentalChildPsychology
DistributedComputing,zj9103,DistributedComputing
DramaTheater,zj2347,DramaTheater
EmergencyCriticalCareMedicine,zj7893,EmergencyCriticalCareMedicine
EndocrinologyMetabolism,zj0125,EndocrinologyMetabolism
EnvironmentalOccupationalHealth,zj4569,EnvironmentalOccupationalHealth
ExperimentalPsychology,zj8903,ExperimentalPsychology
Folklore,zj3458,Folklore
GastroenterologyHepatology,zj7894,GastroenterologyHepatology
GeneralChemistry,zj1237,GeneralChemistry
GeneralClinicalMedicine,zj6782,GeneralClinicalMedicine
GeneralInternalMedicine,zj9104,GeneralInternalMedicine
GeneralPsychologyCognitiveSciences,zj2348,GeneralPsychologyCognitiveSciences
GeneticsHereditary,zj7895,GeneticsHereditary
Geriatrics,zj0126,Geriatrics
HumanFactors,zj4570,HumanFactors
Immunology,zj8904,Immunology
InformationSystems,zj3459,InformationSystems
InorganicNuclearChemistry,zj7896,InorganicNuclearChemistry
LegalForensicMedicine,zj1238,LegalForensicMedicine
MedicalInformatics,zj6783,MedicalInformatics
MedicinalBiomolecularChemistry,zj9105,MedicinalBiomolecularChemistry
Microbiology,zj2349,Microbiology
Microscopy,zj7897,Microscopy
Music,zj0127,Music
MycologyParasitology,zj4571,MycologyParasitology
NetworkingTelecommunications,zj8905,NetworkingTelecommunications
NeurologyNeurosurgery,zj3460,NeurologyNeurosurgery
NuclearMedicineMedicalImaging,zj7898,NuclearMedicineMedicalImaging
NutritionDietetics,zj1239,NutritionDietetics
ObstetricsReproductiveMedicine,zj6784,ObstetricsReproductiveMedicine
OncologyCarcinogenesis,zj9106,OncologyCarcinogenesis
OphthalmologyOptometry,zj2350,OphthalmologyOptometry
OrganicChemistry,zj7899,OrganicChemistry
Orthopedics,zj0128,Orthopedics
Otorhinolaryngology,zj4572,Otorhinolaryngology
Pathology,zj8906,Pathology
Pediatrics,zj3461,Pediatrics
PharmacologyPharmacy,zj7900,PharmacologyPharmacy
PhysicalChemistry,zj1240,PhysicalChemistry
Physiology,zj6785,Physiology
Polymers,zj9107,Polymers
Psychiatry,zj2351,Psychiatry
Psychoanalysis,zj7901,Psychoanalysis
RespiratorySystem,zj0129,RespiratorySystem
SocialPsychology,zj4573,SocialPsychology
SoftwareEngineering,zj8907,SoftwareEngineering
SportSciences,zj3462,SportSciences
Surgery,zj7902,Surgery
Toxicology,zj1241,Toxicology
TropicalMedicine,zj6786,TropicalMedicine
UrbanRegionalPlanning,zj9108,UrbanRegionalPlanning
UrologyNephrology,zj2352,UrologyNephrology
Virology,zj7903,Virology
Accounting,739482,Accounting
Acoustics,154093,Acoustics
AgriculturalEconomicsPolicy,627459,AgriculturalEconomicsPolicy
AppliedEthics,902834,AppliedEthics
AppliedPhysics,538471,AppliedPhysics
AstronomyAstrophysics,209348,AstronomyAstrophysics
Bioinformatics,934827,Bioinformatics
Biotechnology,382746,Biotechnology
BusinessManagement,473625,BusinessManagement
ChemicalPhysics,826394,ChemicalPhysics
DevelopmentStudies,294857,DevelopmentStudies
Econometrics,638475,Econometrics
Economics,930846,Economics
EconomicTheory,574938,EconomicTheory
Energy,928374,Energy
EnvironmentalSciences,374625,EnvironmentalSciences
Epidemiology,463519,Epidemiology
Finance,837462,Finance
FluidsPlasmas,294850,FluidsPlasmas
GeneralPhysics,638471,GeneralPhysics
GeochemistryGeophysics,574933,GeochemistryGeophysics
Geology,928374,Geology
Gerontology,374625,Gerontology
HealthPolicyServices,463516,HealthPolicyServices
IndustrialRelations,837467,IndustrialRelations
LogisticsTransportation,294858,LogisticsTransportation
Marketing,638479,Marketing
Materials,574931,Materials
MathematicalPhysics,930840,MathematicalPhysics
MeteorologyAtmosphericSciences,928372,MeteorologyAtmosphericSciences
NanoscienceNanotechnology,374623,NanoscienceNanotechnology
NuclearParticlePhysics,463514,NuclearParticlePhysics
Nursing,837465,Nursing
Oceanography,294856,Oceanography
Optics,638477,Optics
OptoelectronicsPhotonics,938408,OptoelectronicsPhotonics
Paleontology,574939,Paleontology
Philosophy,928370,Philosophy
PublicHealth,374621,PublicHealth
Rehabilitation,463512,Rehabilitation
ReligionsTheology,837463,ReligionsTheology
SpeechLanguagePathologyAudiology,294854,SpeechLanguagePathologyAudiology
SportLeisureTourism,638475,SportLeisureTourism
StrategicDefenceSecurityStudies,629475,StrategicDefenceSecurityStudies
SubstanceAbuse,809463,SubstanceAbuse